epoch,time,train/loss,metrics/accuracy_top1,metrics/accuracy_top5,val/loss,lr/pg0,lr/pg1,lr/pg2
1,495.043,4.35692,0.05649,0.16558,4.20853,4.08935e-05,4.08935e-05,4.08935e-05
2,1007.29,3.95414,0.22987,0.49935,3.45316,8.10828e-05,8.10828e-05,8.10828e-05
3,1495.88,3.20079,0.36558,0.68896,2.61855,0.00012046,0.00012046,0.00012046
4,1977.22,2.58263,0.4513,0.7474,2.16657,0.000119347,0.000119347,0.000119347
5,2481.23,2.19864,0.51558,0.78506,1.8673,0.000118129,0.000118129,0.000118129
6,3033.55,1.91558,0.53831,0.81753,1.7144,0.000116912,0.000116912,0.000116912
7,3550.85,1.71816,0.5539,0.82662,1.61622,0.000115694,0.000115694,0.000115694
8,4128,1.55044,0.59156,0.83506,1.53348,0.000114476,0.000114476,0.000114476
9,4644.96,1.4112,0.59935,0.85455,1.4398,0.000113258,0.000113258,0.000113258
10,5166.56,1.30942,0.61104,0.86234,1.37135,0.000112041,0.000112041,0.000112041
11,5711.16,1.209,0.63506,0.87403,1.30936,0.000110823,0.000110823,0.000110823
12,6256.33,1.10445,0.63312,0.88182,1.2895,0.000109605,0.000109605,0.000109605
13,6804.36,1.03685,0.64286,0.88182,1.25752,0.000108388,0.000108388,0.000108388
14,7339.55,0.97382,0.65,0.88636,1.25257,0.00010717,0.00010717,0.00010717
15,7869.04,0.89437,0.63766,0.88961,1.26022,0.000105952,0.000105952,0.000105952
16,8398.71,0.84858,0.66169,0.8961,1.2377,0.000104735,0.000104735,0.000104735
17,8905.62,0.79922,0.65065,0.89935,1.22256,0.000103517,0.000103517,0.000103517
18,9369.69,0.75665,0.65649,0.89481,1.24308,0.000102299,0.000102299,0.000102299
19,9829.01,0.71499,0.66104,0.90065,1.24512,0.000101081,0.000101081,0.000101081
20,10287.9,0.68508,0.66299,0.8974,1.25289,9.98637e-05,9.98637e-05,9.98637e-05
21,10747.2,0.64585,0.67208,0.9026,1.2063,9.8646e-05,9.8646e-05,9.8646e-05
22,11261.4,0.60615,0.66494,0.89935,1.23796,9.74283e-05,9.74283e-05,9.74283e-05
23,11780.7,0.56728,0.66364,0.90195,1.24918,9.62106e-05,9.62106e-05,9.62106e-05
24,12291.7,0.56216,0.66883,0.90455,1.23382,9.49929e-05,9.49929e-05,9.49929e-05
25,12785.6,0.53588,0.67468,0.90519,1.19828,9.37752e-05,9.37752e-05,9.37752e-05
26,13254.6,0.5073,0.67662,0.90714,1.2496,9.25575e-05,9.25575e-05,9.25575e-05
27,13725.7,0.4937,0.67273,0.90974,1.25198,9.13398e-05,9.13398e-05,9.13398e-05
28,14192.4,0.4696,0.66883,0.91039,1.2593,9.01221e-05,9.01221e-05,9.01221e-05
29,14681.7,0.45225,0.68247,0.91039,1.2461,8.89044e-05,8.89044e-05,8.89044e-05
30,15206.3,0.43162,0.67857,0.90519,1.24008,8.76867e-05,8.76867e-05,8.76867e-05
31,15732.3,0.41831,0.68506,0.90325,1.28112,8.6469e-05,8.6469e-05,8.6469e-05
32,16236.9,0.40893,0.68766,0.90714,1.21833,8.52513e-05,8.52513e-05,8.52513e-05
33,16716,0.38781,0.68117,0.90584,1.29842,8.40336e-05,8.40336e-05,8.40336e-05
34,17242.8,0.38632,0.68052,0.90779,1.26809,8.28159e-05,8.28159e-05,8.28159e-05
35,17775.8,0.38114,0.68052,0.91039,1.27864,8.15982e-05,8.15982e-05,8.15982e-05
36,18305.3,0.37755,0.69091,0.91104,1.26515,8.03805e-05,8.03805e-05,8.03805e-05
37,18855.2,0.33961,0.68377,0.90714,1.27984,7.91628e-05,7.91628e-05,7.91628e-05
38,19386,0.35824,0.68506,0.91234,1.30394,7.79451e-05,7.79451e-05,7.79451e-05
39,19851.5,0.33242,0.68961,0.90779,1.26867,7.67274e-05,7.67274e-05,7.67274e-05
40,20315.6,0.32543,0.68896,0.91169,1.27251,7.55097e-05,7.55097e-05,7.55097e-05
41,20779,0.33207,0.68701,0.91623,1.30894,7.4292e-05,7.4292e-05,7.4292e-05
42,21296.7,0.31239,0.69286,0.90974,1.28856,7.30743e-05,7.30743e-05,7.30743e-05
43,21833.3,0.29821,0.6987,0.91104,1.28381,7.18566e-05,7.18566e-05,7.18566e-05
44,22368.9,0.29663,0.69675,0.90649,1.29565,7.06389e-05,7.06389e-05,7.06389e-05
45,22904.2,0.28808,0.69481,0.90909,1.30273,6.94212e-05,6.94212e-05,6.94212e-05
46,23432.6,0.29483,0.68571,0.90519,1.35695,6.82035e-05,6.82035e-05,6.82035e-05
47,23959.2,0.30247,0.69091,0.9026,1.32299,6.69858e-05,6.69858e-05,6.69858e-05
48,24481.8,0.27799,0.7,0.91299,1.31789,6.57681e-05,6.57681e-05,6.57681e-05
49,24985.7,0.27367,0.69805,0.9039,1.29965,6.45504e-05,6.45504e-05,6.45504e-05
50,25459.6,0.27363,0.68701,0.90584,1.33856,6.33327e-05,6.33327e-05,6.33327e-05
51,25932.5,0.27722,0.68117,0.91169,1.33125,6.2115e-05,6.2115e-05,6.2115e-05
52,26407.1,0.26258,0.68636,0.91104,1.41931,6.08973e-05,6.08973e-05,6.08973e-05
53,26880.9,0.26147,0.68766,0.91039,1.37102,5.96796e-05,5.96796e-05,5.96796e-05
54,27351.1,0.25633,0.69026,0.91234,1.34041,5.84619e-05,5.84619e-05,5.84619e-05
55,27817.6,0.24413,0.6961,0.9026,1.34608,5.72442e-05,5.72442e-05,5.72442e-05
56,28286.5,0.22955,0.69481,0.91234,1.33818,5.60265e-05,5.60265e-05,5.60265e-05
57,28753.3,0.24488,0.6961,0.91364,1.30578,5.48088e-05,5.48088e-05,5.48088e-05
58,29220,0.22829,0.69286,0.91169,1.32109,5.35911e-05,5.35911e-05,5.35911e-05
59,29686.8,0.23055,0.69416,0.91104,1.3412,5.23734e-05,5.23734e-05,5.23734e-05
60,30152.8,0.22692,0.70065,0.90779,1.32356,5.11557e-05,5.11557e-05,5.11557e-05
61,30620.2,0.21877,0.6974,0.91104,1.31817,4.9938e-05,4.9938e-05,4.9938e-05
62,31087.1,0.22102,0.69156,0.91558,1.32484,4.87203e-05,4.87203e-05,4.87203e-05
63,31554.9,0.21253,0.70065,0.90779,1.34829,4.75026e-05,4.75026e-05,4.75026e-05
64,32039.8,0.21074,0.69481,0.91169,1.32016,4.62849e-05,4.62849e-05,4.62849e-05
65,32568.8,0.2126,0.69675,0.91234,1.35401,4.50672e-05,4.50672e-05,4.50672e-05
66,33095.7,0.20671,0.69351,0.91299,1.3498,4.38495e-05,4.38495e-05,4.38495e-05
67,33619.6,0.21213,0.7013,0.91234,1.40558,4.26318e-05,4.26318e-05,4.26318e-05
68,34142.9,0.2177,0.7026,0.91104,1.37194,4.14141e-05,4.14141e-05,4.14141e-05
69,34671.5,0.20149,0.70455,0.91299,1.34349,4.01964e-05,4.01964e-05,4.01964e-05
70,35196.1,0.20663,0.69805,0.91169,1.34454,3.89787e-05,3.89787e-05,3.89787e-05
71,35720.2,0.19933,0.69675,0.91169,1.33218,3.7761e-05,3.7761e-05,3.7761e-05
72,36243,0.18611,0.69935,0.91234,1.35329,3.65433e-05,3.65433e-05,3.65433e-05
73,36767.7,0.20096,0.69675,0.91169,1.3861,3.53256e-05,3.53256e-05,3.53256e-05
74,37307.1,0.18849,0.69286,0.91039,1.37665,3.41079e-05,3.41079e-05,3.41079e-05
75,37778.4,0.1862,0.70325,0.90909,1.39102,3.28902e-05,3.28902e-05,3.28902e-05
76,38245.3,0.19387,0.70584,0.91364,1.3599,3.16725e-05,3.16725e-05,3.16725e-05
77,38718,0.18448,0.70195,0.91039,1.38705,3.04548e-05,3.04548e-05,3.04548e-05
78,39205.1,0.17931,0.70325,0.90974,1.33894,2.92371e-05,2.92371e-05,2.92371e-05
79,39672.9,0.1839,0.7013,0.91364,1.31285,2.80194e-05,2.80194e-05,2.80194e-05
80,40137.6,0.17674,0.70519,0.91429,1.32192,2.68017e-05,2.68017e-05,2.68017e-05
81,40602.5,0.1676,0.69935,0.91623,1.33792,2.5584e-05,2.5584e-05,2.5584e-05
82,41069.6,0.1764,0.6987,0.91299,1.33082,2.43663e-05,2.43663e-05,2.43663e-05
83,41534.5,0.17116,0.69351,0.91364,1.35622,2.31486e-05,2.31486e-05,2.31486e-05
84,41999.7,0.16969,0.6987,0.91364,1.38146,2.19309e-05,2.19309e-05,2.19309e-05
85,42464.5,0.1737,0.7013,0.91104,1.40848,2.07132e-05,2.07132e-05,2.07132e-05
86,42929.6,0.17312,0.7013,0.91104,1.37913,1.94955e-05,1.94955e-05,1.94955e-05
87,43395.3,0.16402,0.6987,0.91299,1.381,1.82778e-05,1.82778e-05,1.82778e-05
88,43863.8,0.16536,0.7026,0.91169,1.32541,1.70601e-05,1.70601e-05,1.70601e-05
89,44334.3,0.16608,0.6987,0.91104,1.34436,1.58424e-05,1.58424e-05,1.58424e-05
90,44816.2,0.16413,0.7,0.91104,1.37565,1.46247e-05,1.46247e-05,1.46247e-05
91,45285.1,0.15578,0.69805,0.91104,1.35586,1.3407e-05,1.3407e-05,1.3407e-05
92,45761.2,0.17444,0.6987,0.91169,1.34503,1.21893e-05,1.21893e-05,1.21893e-05
93,46214.6,0.15594,0.7026,0.91234,1.38182,1.09716e-05,1.09716e-05,1.09716e-05
94,46680.5,0.16815,0.70065,0.91494,1.38325,9.7539e-06,9.7539e-06,9.7539e-06
95,47191.5,0.162,0.7026,0.91364,1.34184,8.5362e-06,8.5362e-06,8.5362e-06
96,47708.4,0.16767,0.70195,0.91558,1.33805,7.3185e-06,7.3185e-06,7.3185e-06
97,48226.9,0.15677,0.7039,0.91364,1.37641,6.1008e-06,6.1008e-06,6.1008e-06
98,48741.7,0.15418,0.70519,0.91234,1.34022,4.8831e-06,4.8831e-06,4.8831e-06
99,49242.5,0.1613,0.70455,0.91234,1.33925,3.6654e-06,3.6654e-06,3.6654e-06
100,49755.5,0.15539,0.7039,0.91104,1.37358,2.4477e-06,2.4477e-06,2.4477e-06
